sample_id,species_confirmation,lineage,sublineage,resistance_mutations,predicted_drug_resistance,confidence_score,interpretation_summary
d200823a-1983-4498-bac6-869543c66ad4,M. tuberculosis complex,L1,L1.3,"[{""gene"": ""embB"", ""variant"": ""S315T"", ""drug"": ""pyrazinamide""}]","{""isoniazid"": ""susceptible"", ""rifampicin"": ""susceptible"", ""ethambutol"": ""susceptible"", ""pyrazinamide"": ""resistant""}",0.767,Example interpretation based on public incidence trend for Philippines.
7704ddb6-6373-40b1-94d5-08911923022a,M. tuberculosis complex,L4,L4.1,"[{""gene"": ""embB"", ""variant"": ""H526Y"", ""drug"": ""rifampicin""}, {""gene"": ""katG"", ""variant"": ""H526Y"", ""drug"": ""ethambutol""}, {""gene"": ""embB"", ""variant"": ""S315T"", ""drug"": ""pyrazinamide""}]","{""isoniazid"": ""susceptible"", ""rifampicin"": ""resistant"", ""ethambutol"": ""resistant"", ""pyrazinamide"": ""resistant""}",0.843,Example interpretation based on public incidence trend for Pakistan.
a1d742c7-4628-41fd-843c-e9cd03cca7ae,M. tuberculosis complex,L3,L3.6,"[{""gene"": ""katG"", ""variant"": ""H526Y"", ""drug"": ""ethambutol""}]","{""isoniazid"": ""susceptible"", ""rifampicin"": ""susceptible"", ""ethambutol"": ""resistant"", ""pyrazinamide"": ""susceptible""}",0.957,Example interpretation based on public incidence trend for Pakistan.
e99f6210-0602-43e3-902f-90b0188626d5,M. tuberculosis complex,L3,L3.2,"[{""gene"": ""katG"", ""variant"": ""D516V"", ""drug"": ""rifampicin""}, {""gene"": ""pncA"", ""variant"": ""D516V"", ""drug"": ""pyrazinamide""}]","{""isoniazid"": ""susceptible"", ""rifampicin"": ""resistant"", ""ethambutol"": ""susceptible"", ""pyrazinamide"": ""resistant""}",0.917,Example interpretation based on public incidence trend for South Africa.
512af4ab-2081-41c1-9096-7b5f85688ba0,M. tuberculosis complex,L2,L2.8,"[{""gene"": ""katG"", ""variant"": ""D516V"", ""drug"": ""isoniazid""}]","{""isoniazid"": ""resistant"", ""rifampicin"": ""susceptible"", ""ethambutol"": ""susceptible"", ""pyrazinamide"": ""susceptible""}",0.859,Example interpretation based on public incidence trend for India.
f104b367-2762-49a7-99a3-ea0386dbe59c,M. tuberculosis complex,L1,L1.7,[],"{""isoniazid"": ""susceptible"", ""rifampicin"": ""susceptible"", ""ethambutol"": ""susceptible"", ""pyrazinamide"": ""susceptible""}",0.818,Example interpretation based on public incidence trend for India.
a801720d-a518-46e0-8457-28cce6538956,M. tuberculosis complex,L2,L2.8,"[{""gene"": ""inhA"", ""variant"": ""C15T"", ""drug"": ""isoniazid""}, {""gene"": ""inhA"", ""variant"": ""C15T"", ""drug"": ""pyrazinamide""}]","{""isoniazid"": ""resistant"", ""rifampicin"": ""susceptible"", ""ethambutol"": ""susceptible"", ""pyrazinamide"": ""resistant""}",0.9,Example interpretation based on public incidence trend for South Africa.
38fe9eaf-0a9e-4198-a95c-904e286def06,M. tuberculosis complex,L4,L4.5,"[{""gene"": ""katG"", ""variant"": ""C15T"", ""drug"": ""isoniazid""}, {""gene"": ""embB"", ""variant"": ""S315T"", ""drug"": ""ethambutol""}]","{""isoniazid"": ""resistant"", ""rifampicin"": ""susceptible"", ""ethambutol"": ""resistant"", ""pyrazinamide"": ""susceptible""}",0.883,Example interpretation based on public incidence trend for Philippines.
601ac1bb-b1f6-40aa-a665-e35af253866f,M. tuberculosis complex,L2,L2.6,"[{""gene"": ""pncA"", ""variant"": ""S531L"", ""drug"": ""isoniazid""}, {""gene"": ""katG"", ""variant"": ""S315T"", ""drug"": ""rifampicin""}, {""gene"": ""pncA"", ""variant"": ""C15T"", ""drug"": ""ethambutol""}, {""gene"": ""katG"", ""variant"": ""S315T"", ""drug"": ""pyrazinamide""}]","{""isoniazid"": ""resistant"", ""rifampicin"": ""resistant"", ""ethambutol"": ""resistant"", ""pyrazinamide"": ""resistant""}",0.776,Example interpretation based on public incidence trend for South Africa.
9d4d440e-0808-4b30-ae92-5d821c79aa2a,M. tuberculosis complex,L1,L1.8,"[{""gene"": ""embB"", ""variant"": ""S531L"", ""drug"": ""isoniazid""}, {""gene"": ""rpoB"", ""variant"": ""S531L"", ""drug"": ""rifampicin""}]","{""isoniazid"": ""resistant"", ""rifampicin"": ""resistant"", ""ethambutol"": ""susceptible"", ""pyrazinamide"": ""susceptible""}",0.959,Example interpretation based on public incidence trend for Nigeria.
3ce06036-a2d0-4c10-af09-b01b73cca78c,M. tuberculosis complex,L1,L1.8,"[{""gene"": ""rpoB"", ""variant"": ""S531L"", ""drug"": ""isoniazid""}, {""gene"": ""pncA"", ""variant"": ""S315T"", ""drug"": ""pyrazinamide""}]","{""isoniazid"": ""resistant"", ""rifampicin"": ""susceptible"", ""ethambutol"": ""susceptible"", ""pyrazinamide"": ""resistant""}",0.983,Example interpretation based on public incidence trend for South Africa.
65e90513-67a1-4b6a-ab1e-8844f6f6b4c0,M. tuberculosis complex,L4,L4.5,"[{""gene"": ""pncA"", ""variant"": ""S531L"", ""drug"": ""ethambutol""}, {""gene"": ""inhA"", ""variant"": ""D516V"", ""drug"": ""pyrazinamide""}]","{""isoniazid"": ""susceptible"", ""rifampicin"": ""susceptible"", ""ethambutol"": ""resistant"", ""pyrazinamide"": ""resistant""}",0.983,Example interpretation based on public incidence trend for Indonesia.
9ac5e137-48d2-4860-9cc6-221a5afd8793,M. tuberculosis complex,L4,L4.3,"[{""gene"": ""rpoB"", ""variant"": ""D516V"", ""drug"": ""isoniazid""}]","{""isoniazid"": ""resistant"", ""rifampicin"": ""susceptible"", ""ethambutol"": ""susceptible"", ""pyrazinamide"": ""susceptible""}",0.893,Example interpretation based on public incidence trend for China.
c92a1909-60d5-4417-a988-d446eb1c4eb3,M. tuberculosis complex,L2,L2.5,"[{""gene"": ""pncA"", ""variant"": ""C15T"", ""drug"": ""pyrazinamide""}]","{""isoniazid"": ""susceptible"", ""rifampicin"": ""susceptible"", ""ethambutol"": ""susceptible"", ""pyrazinamide"": ""resistant""}",0.989,Example interpretation based on public incidence trend for Philippines.
983e8b8d-05b9-47b1-a72f-f2495bd7daec,M. tuberculosis complex,L4,L4.9,"[{""gene"": ""pncA"", ""variant"": ""H526Y"", ""drug"": ""isoniazid""}, {""gene"": ""katG"", ""variant"": ""H526Y"", ""drug"": ""ethambutol""}, {""gene"": ""rpoB"", ""variant"": ""C15T"", ""drug"": ""pyrazinamide""}]","{""isoniazid"": ""resistant"", ""rifampicin"": ""susceptible"", ""ethambutol"": ""resistant"", ""pyrazinamide"": ""resistant""}",0.796,Example interpretation based on public incidence trend for Nigeria.
9b688038-9b44-4727-96d1-ecbd083574a1,M. tuberculosis complex,L2,L2.5,"[{""gene"": ""inhA"", ""variant"": ""D516V"", ""drug"": ""isoniazid""}, {""gene"": ""embB"", ""variant"": ""C15T"", ""drug"": ""ethambutol""}]","{""isoniazid"": ""resistant"", ""rifampicin"": ""susceptible"", ""ethambutol"": ""resistant"", ""pyrazinamide"": ""susceptible""}",0.889,Example interpretation based on public incidence trend for Bangladesh.
a68aa9c1-1ff8-4318-b147-995d2e480652,M. tuberculosis complex,L2,L2.1,"[{""gene"": ""katG"", ""variant"": ""S315T"", ""drug"": ""rifampicin""}, {""gene"": ""pncA"", ""variant"": ""S531L"", ""drug"": ""ethambutol""}]","{""isoniazid"": ""susceptible"", ""rifampicin"": ""resistant"", ""ethambutol"": ""resistant"", ""pyrazinamide"": ""susceptible""}",0.932,Example interpretation based on public incidence trend for Philippines.
d25cd914-1cdc-4870-b222-72e63950d53e,M. tuberculosis complex,L2,L2.4,"[{""gene"": ""rpoB"", ""variant"": ""S531L"", ""drug"": ""ethambutol""}, {""gene"": ""embB"", ""variant"": ""H526Y"", ""drug"": ""pyrazinamide""}]","{""isoniazid"": ""susceptible"", ""rifampicin"": ""susceptible"", ""ethambutol"": ""resistant"", ""pyrazinamide"": ""resistant""}",0.83,Example interpretation based on public incidence trend for India.
e554b8be-12d5-4585-8280-76428d0864bf,M. tuberculosis complex,L3,L3.9,"[{""gene"": ""inhA"", ""variant"": ""D516V"", ""drug"": ""rifampicin""}]","{""isoniazid"": ""susceptible"", ""rifampicin"": ""resistant"", ""ethambutol"": ""susceptible"", ""pyrazinamide"": ""susceptible""}",0.769,Example interpretation based on public incidence trend for India.
6649b44a-d099-4c57-bf39-71de07dd0283,M. tuberculosis complex,L4,L4.1,[],"{""isoniazid"": ""susceptible"", ""rifampicin"": ""susceptible"", ""ethambutol"": ""susceptible"", ""pyrazinamide"": ""susceptible""}",0.93,Example interpretation based on public incidence trend for Pakistan.
65c6c13b-801d-496c-9775-2337c7754b09,M. tuberculosis complex,L3,L3.6,"[{""gene"": ""katG"", ""variant"": ""D516V"", ""drug"": ""rifampicin""}]","{""isoniazid"": ""susceptible"", ""rifampicin"": ""resistant"", ""ethambutol"": ""susceptible"", ""pyrazinamide"": ""susceptible""}",0.916,Example interpretation based on public incidence trend for Indonesia.
4063f40a-28f0-4a7f-af48-980c56842729,M. tuberculosis complex,L2,L2.4,[],"{""isoniazid"": ""susceptible"", ""rifampicin"": ""susceptible"", ""ethambutol"": ""susceptible"", ""pyrazinamide"": ""susceptible""}",0.912,Example interpretation based on public incidence trend for South Africa.
0a79b8a8-195f-422f-955b-492f7390be0c,M. tuberculosis complex,L1,L1.1,"[{""gene"": ""embB"", ""variant"": ""C15T"", ""drug"": ""isoniazid""}, {""gene"": ""embB"", ""variant"": ""C15T"", ""drug"": ""ethambutol""}, {""gene"": ""embB"", ""variant"": ""S531L"", ""drug"": ""pyrazinamide""}]","{""isoniazid"": ""resistant"", ""rifampicin"": ""susceptible"", ""ethambutol"": ""resistant"", ""pyrazinamide"": ""resistant""}",0.852,Example interpretation based on public incidence trend for Philippines.
b7f340e0-f48d-49e8-9bd6-e7bc36565268,M. tuberculosis complex,L2,L2.2,[],"{""isoniazid"": ""susceptible"", ""rifampicin"": ""susceptible"", ""ethambutol"": ""susceptible"", ""pyrazinamide"": ""susceptible""}",0.897,Example interpretation based on public incidence trend for South Africa.
675bdec9-1d36-4532-b3e3-b6144d2f9374,M. tuberculosis complex,L4,L4.8,[],"{""isoniazid"": ""susceptible"", ""rifampicin"": ""susceptible"", ""ethambutol"": ""susceptible"", ""pyrazinamide"": ""susceptible""}",0.939,Example interpretation based on public incidence trend for China.
6b741246-6ce8-4c31-8a97-70d54503d98e,M. tuberculosis complex,L2,L2.3,"[{""gene"": ""embB"", ""variant"": ""H526Y"", ""drug"": ""rifampicin""}]","{""isoniazid"": ""susceptible"", ""rifampicin"": ""resistant"", ""ethambutol"": ""susceptible"", ""pyrazinamide"": ""susceptible""}",0.808,Example interpretation based on public incidence trend for Nigeria.
b7e88586-5a6c-429f-b725-ebd87f528f38,M. tuberculosis complex,L2,L2.7,"[{""gene"": ""pncA"", ""variant"": ""C15T"", ""drug"": ""ethambutol""}]","{""isoniazid"": ""susceptible"", ""rifampicin"": ""susceptible"", ""ethambutol"": ""resistant"", ""pyrazinamide"": ""susceptible""}",0.872,Example interpretation based on public incidence trend for Philippines.
b555c720-039a-4e21-b751-401d62efeafd,M. tuberculosis complex,L4,L4.9,"[{""gene"": ""embB"", ""variant"": ""C15T"", ""drug"": ""isoniazid""}, {""gene"": ""embB"", ""variant"": ""D516V"", ""drug"": ""ethambutol""}]","{""isoniazid"": ""resistant"", ""rifampicin"": ""susceptible"", ""ethambutol"": ""resistant"", ""pyrazinamide"": ""susceptible""}",0.802,Example interpretation based on public incidence trend for South Africa.
3cbfc6df-2845-4530-8738-c0505aaab328,M. tuberculosis complex,L1,L1.1,"[{""gene"": ""inhA"", ""variant"": ""D516V"", ""drug"": ""rifampicin""}]","{""isoniazid"": ""susceptible"", ""rifampicin"": ""resistant"", ""ethambutol"": ""susceptible"", ""pyrazinamide"": ""susceptible""}",0.91,Example interpretation based on public incidence trend for Philippines.
53bc259e-b034-438a-a34b-e8b3976d5694,M. tuberculosis complex,L2,L2.5,"[{""gene"": ""pncA"", ""variant"": ""S315T"", ""drug"": ""rifampicin""}, {""gene"": ""inhA"", ""variant"": ""S315T"", ""drug"": ""pyrazinamide""}]","{""isoniazid"": ""susceptible"", ""rifampicin"": ""resistant"", ""ethambutol"": ""susceptible"", ""pyrazinamide"": ""resistant""}",0.893,Example interpretation based on public incidence trend for Bangladesh.
dc0af5f7-9133-4406-a03a-6fe34dfde425,M. tuberculosis complex,L4,L4.2,"[{""gene"": ""pncA"", ""variant"": ""S531L"", ""drug"": ""ethambutol""}]","{""isoniazid"": ""susceptible"", ""rifampicin"": ""susceptible"", ""ethambutol"": ""resistant"", ""pyrazinamide"": ""susceptible""}",0.776,Example interpretation based on public incidence trend for India.
a7bf604b-7506-40ba-86ec-6f250c981711,M. tuberculosis complex,L2,L2.9,"[{""gene"": ""pncA"", ""variant"": ""S531L"", ""drug"": ""rifampicin""}]","{""isoniazid"": ""susceptible"", ""rifampicin"": ""resistant"", ""ethambutol"": ""susceptible"", ""pyrazinamide"": ""susceptible""}",0.896,Example interpretation based on public incidence trend for Philippines.
58d5837d-1713-4c17-b542-4c4be8b2e2f8,M. tuberculosis complex,L2,L2.6,"[{""gene"": ""katG"", ""variant"": ""H526Y"", ""drug"": ""isoniazid""}]","{""isoniazid"": ""resistant"", ""rifampicin"": ""susceptible"", ""ethambutol"": ""susceptible"", ""pyrazinamide"": ""susceptible""}",0.921,Example interpretation based on public incidence trend for Bangladesh.
c8c26e68-2e8b-49c3-948f-ecfd5f938bc7,M. tuberculosis complex,L2,L2.8,"[{""gene"": ""rpoB"", ""variant"": ""S315T"", ""drug"": ""isoniazid""}, {""gene"": ""embB"", ""variant"": ""D516V"", ""drug"": ""rifampicin""}, {""gene"": ""pncA"", ""variant"": ""H526Y"", ""drug"": ""ethambutol""}]","{""isoniazid"": ""resistant"", ""rifampicin"": ""resistant"", ""ethambutol"": ""resistant"", ""pyrazinamide"": ""susceptible""}",0.882,Example interpretation based on public incidence trend for Philippines.
90358d46-1a3a-4ac1-9c77-57c59e9764b1,M. tuberculosis complex,L3,L3.3,"[{""gene"": ""embB"", ""variant"": ""H526Y"", ""drug"": ""isoniazid""}]","{""isoniazid"": ""resistant"", ""rifampicin"": ""susceptible"", ""ethambutol"": ""susceptible"", ""pyrazinamide"": ""susceptible""}",0.825,Example interpretation based on public incidence trend for South Africa.
